bottoms,jeans blue denim
tops,t-shirt white cotton
accessories,hat black wool
bottoms,jeans blue denim
tops,t-shirt white cotton
accessories,hat black wool
bottoms,skirt floral print
tops,blouse striped silk
accessories,sunglasses aviator style
bottoms,shorts khaki
tops,hoodie gray cotton
accessories,scarf plaid pattern
bottoms,trousers black formal
tops,polo shirt navy blue
accessories,watch leather strap
bottoms,jogger pants gray
tops,shirt denim button-down
accessories,backpack canvas
bottoms,leggings black athletic
tops,sweater knit wool
accessories,bracelet silver
bottoms,cargo pants camouflage
tops,tank top black cotton
accessories,belt brown leather
bottoms,culottes navy blue
tops,crop top floral print
accessories,earrings hoop gold
bottoms,overalls denim
tops,cardigan beige cashmere
accessories,gloves touchscreen
bottoms,flared pants black
tops,button-up shirt white linen
accessories,necklace pendant silver
bottoms,jeans blue denim
tops,t-shirt white cotton
accessories,hat black wool
bottoms,skirt floral print
tops,blouse striped silk
accessories,sunglasses aviator style
bottoms,shorts khaki
tops,hoodie gray cotton
accessories,scarf plaid pattern
bottoms,trousers black formal
tops,polo shirt navy blue
accessories,watch leather strap
bottoms,jogger pants gray
tops,shirt denim button-down
accessories,backpack canvas
bottoms,leggings black athletic
tops,sweater knit wool
accessories,bracelet silver
bottoms,cargo pants camouflage
tops,tank top black cotton
accessories,belt brown leather
bottoms,culottes navy blue
tops,crop top floral print
accessories,earrings hoop gold
bottoms,overalls denim
tops,cardigan beige cashmere
accessories,gloves touchscreen
bottoms,flared pants black
tops,button-up shirt white linen
accessories,necklace pendant silver
bottoms,leather pants black
tops,off-shoulder top white lace
accessories,umbrella compact
bottoms,pencil skirt black
tops,sweatshirt gray fleece
accessories,handbag leather
bottoms,cargo shorts khaki
tops,tankini swimsuit navy blue
accessories,headband floral print
bottoms,track pants navy blue
tops,turtleneck sweater beige cashmere
accessories,cufflinks silver
bottoms,maxi skirt floral print
tops,blazer black polyester
accessories,ankle boots black leather
bottoms,chinos beige
tops,tunic top pink silk
accessories,wool hat gray
bottoms,denim shorts blue
tops,wrap blouse white chiffon
accessories,ring gold
bottoms,pleated pants black
tops,cropped hoodie gray cotton
accessories,leather gloves black